Компания,Город,name,region.y,industry,size_cat,year,code_okved,firts_number_okved,ind,employees,income,expenses,lt_debt,st_debt,sales,cgs,commercial,eat,labor_costs
1С-Рарус,Москва,"1С-РАРУС, ООО",Москва,Разработка компьютерного программного обеспечения,Средние предприятия,2017.0,62.01,62.0,informacionnye_tehnologii,241.0,847391.0,804809.0,50750.0,26446.0,833606.0,755916.0,30472.0,39516.0,513285.0
АМКК (Армавирский мясоконсервный комбинат),Армавир,"АМКК, ООО",Краснодарский край,Производство колбасных изделий,Средние предприятия,2013.0,10.13.2,10.0,pishhevaya_promyshlennost,180.0,673434.0,666850.0,14255.0,48982.0,584486.0,502262.0,40367.0,5981.0,39811.0
АПК Вектор (Авиационно-Промышленная Компания Вектор),Москва,"АПК ВЕКТОР, ООО",Москва,Деятельность грузового воздушного транспорта и космического транспорта,Средние предприятия,2017.0,51.2,51.0,transport,88.0,1387050.0,1374292.0,100560.0,16184.0,795267.0,813009.0,998.0,4406.0,65449.0
Абсолютные технологии,Москва,"АБСОЛЮТНЫЕ ТЕХНОЛОГИИ, АО",Москва,Торговля оптовая бытовыми электротоварами,Малые предприятия,2017.0,46.43,46.0,elektrotehnika,51.0,562252.0,489036.0,,,540933.0,356153.0,37264.0,56246.0,66236.0
Аванти Фарма,Владивосток,"АВАНТИ ФАРМА, ООО",Приморский край,Торговля розничная лекарственными средствами в специализированных магазинах (аптеках),Средние предприятия,2017.0,47.73,47.0,torgovlya,53.0,767299.0,738188.0,31185.0,21733.0,762761.0,640171.0,85780.0,26028.0,
АверСтрой,Санкт-Петербург,"АВЕРСТРОЙ, ООО",Санкт-Петербург,Строительство жилых и нежилых зданий,Малые предприятия,2017.0,41.2,41.0,transport,36.0,239692.0,224637.0,,9136.0,228084.0,197743.0,308.0,11910.0,31359.0
Аврора (Подстепки),Самарская область,"АВРОРА, ООО",Самарская область,"Производство прочих машин и оборудования общего назначения, не включенного в другие группировки",Средние предприятия,2017.0,28.29,28.0,selskoe_hozyaystvo,13.0,1857879.0,1743348.0,21698.0,44842.0,1689254.0,1440445.0,159004.0,89302.0,11904.0
Автобытдор,Московская область,"АВТОБЫТДОР, АО",Московская область,"Деятельность заказчика-застройщика, генерального подрядчика",Средние предприятия,2014.0,71.12.2,71.0,zhkh,6.0,797008.0,782567.0,,21635.0,517930.0,498503.0,425.0,-90.0,26057.0
Автошинторг (Автошина38),Иркутск,"АВТОШИНТОРГ, ООО",Иркутская область,"Торговля оптовая автомобильными деталями, узлами и принадлежностями, кроме деятельности агентов",Средние предприятия,2017.0,45.31.1,45.0,transport,25.0,752563.0,728113.0,,18847.0,743819.0,691693.0,28151.0,19478.0,3517.0
Агентство 2,Санкт-Петербург,"АГЕНТСТВО 2, ООО",Санкт-Петербург,Деятельность рекламных агентств,Малые предприятия,2014.0,73.11,73.0,reklama,62.0,365778.0,356369.0,103825.0,36339.0,521898.0,382946.0,,9711.0,49607.0
Агентство Авиа Центр,Москва,"АГЕНТСТВО АВИА ЦЕНТР, ООО",Москва,Деятельность туристических агентств и туроператоров,Малые предприятия,2013.0,79.1,79.0,logistika,27.0,191186.0,179099.0,11294.0,4928.0,143300.0,60695.0,88161.0,9375.0,35037.0
Агро-РСТ,Новосибирск,"АГРО-РСТ, ООО",Новосибирская область,Производство мясных (мясосодержащих) полуфабрикатов,Малые предприятия,2016.0,10.13.4,10.0,pishhevaya_promyshlennost,43.0,266375.0,262754.0,11483.0,10553.0,238322.0,195968.0,25056.0,2916.0,16891.0
Агроснаб Плюс,Омск,"АГРОСНАБ ПЛЮС, ООО",Омская область,Производство мясных (мясосодержащих) полуфабрикатов,Малые предприятия,2017.0,10.13.4,10.0,torgovlya,28.0,180723.0,177704.0,7824.0,,178973.0,162864.0,5821.0,2325.0,
Агрофирма Аэлита,Москва,"АГРОФИРМА АЭЛИТА, ООО",Москва,"Торговля оптовая семенами, кроме семян масличных культур",Малые предприятия,2016.0,46.21.12,46.0,selskoe_hozyaystvo,54.0,735854.0,625484.0,,28305.0,677958.0,399912.0,96394.0,92803.0,
АйТи,Москва,"АЙТИ, АО",Москва,"Деятельность, связанная с использованием вычислительной техники и информационных технологий, прочая",Малые предприятия,2013.0,62.09,62.0,informacionnye_tehnologii,94.0,1705347.0,1681921.0,962395.0,1064762.0,1927665.0,1627489.0,18213.0,40830.0,136312.0
Академпарк (Технопарк Новосибирского Академгородка),Новосибирск,"АКАДЕМПАРК, АО",Новосибирская область,Аренда и управление собственным или арендованным недвижимым имуществом,Малые предприятия,2013.0,68.2,68.0,konsalting,46.0,494044.0,477168.0,,90323.0,248153.0,283464.0,385.0,4710.0,61976.0
АкваЛайн,Вологда,"АКВАЛАЙН, ООО",Вологодская область,Сбор неопасных отходов,Средние предприятия,2017.0,38.11,38.0,zhkh,57.0,888456.0,951975.0,30388.0,4364.0,719783.0,776316.0,,-58415.0,37698.0
Аквион,Москва,"АКВИОН, АО",Москва,Производство биологически активных добавок к пище,Средние предприятия,2013.0,10.89.8,10.0,farmacevtika,61.0,887449.0,803772.0,178410.0,67232.0,636876.0,193183.0,283018.0,27052.0,112454.0
Алгоритм-Сервис (Архангельск),Архангельск,"АЛГОРИТМ-СЕРВИС, ООО",Архангельская область,Торговля розничная легковыми автомобилями и легкими автотранспортными средствами в специализированных магазинах,Малые предприятия,2016.0,45.11.2,45.0,torgovlya,42.0,459004.0,449162.0,12200.0,39674.0,424603.0,374372.0,4700.0,6766.0,19035.0
Аллигатор (Alligator Group),Краснодар,"АЛЛИГАТОР, ООО",Краснодарский край,Производство тканей из стекловолокна,Малые предприятия,2018.0,13.20.46,13.0,stroitelstvo,19.0,227134.0,217678.0,50674.0,9563.0,188946.0,142865.0,22508.0,7325.0,3898.0
Алтуфьево-Спорт,Москва,"АЛТУФЬЕВО-СПОРТ, ООО",Москва,Деятельность фитнес-центров,Малые предприятия,2017.0,93.13,93.0,industriya_razvlecheniy,47.0,287157.0,278690.0,11050.0,16067.0,278260.0,7674.0,107.0,6604.0,28109.0
Альстом Транспорт Рус,Москва,"АЛЬСТОМ ТРАНСПОРТ РУС, ООО",Москва,Производство железнодорожных локомотивов и подвижного состава,Малые предприятия,2014.0,30.2,30.0,mashinostroenie,17.0,285083.0,208185.0,,616435.0,466036.0,401719.0,74253.0,-45583.0,143487.0
Альфа-Дизель,Санкт-Петербург,"АЛЬФА-ДИЗЕЛЬ, ООО",Санкт-Петербург,Производство электроэнергии,Средние предприятия,2016.0,35.11,35.0,energetika,106.0,1180792.0,1146133.0,21800.0,27200.0,1076374.0,849139.0,,23486.0,284573.0
Альфа-Интеграция,Москва,"КОМПАНИЯ АЛЬФА-ИНТЕГРАЦИЯ, АО",Москва,Производство электромонтажных работ,Малые предприятия,2015.0,43.21,43.0,zhkh,35.0,159832.0,158856.0,,8972.0,139498.0,121530.0,1173.0,870.0,22350.0
Альфапаскаль,Челябинск,"АЛЬФАПАСКАЛЬ, ООО",Челябинская область,"Производство инструментов и приборов для измерения, тестирования и навигации",Малые предприятия,2017.0,26.51,26.0,mashinostroenie,40.0,174118.0,172779.0,,8517.0,170602.0,129362.0,3755.0,-686.0,
Амер Спортс (Amer Sports),Москва,"АМЕР СПОРТС, АО",Москва,"Торговля оптовая спортивными товарами, включая велосипеды",Средние предприятия,2013.0,46.49.43,46.0,industriya_razvlecheniy,103.0,2994495.0,2584736.0,,151546.0,2705727.0,1365892.0,1091048.0,142195.0,237869.0
Анком,Санкт-Петербург,"АНКОМ, ООО",Санкт-Петербург,Производство колбасных изделий,Средние предприятия,2013.0,10.13.2,10.0,pishhevaya_promyshlennost,65.0,1708784.0,1605879.0,1385.0,9862.0,1440565.0,1323555.0,19964.0,51919.0,20081.0
Аргос,Санкт-Петербург,"АРГОС, ООО",Санкт-Петербург,Торговля оптовая непродовольственными потребительскими товарами,Малые предприятия,2016.0,46.4,46.0,metallurgicheskaya_promyshlennost,99.0,755369.0,703771.0,10000.0,492.0,714020.0,500188.0,172011.0,45365.0,76932.0
Арион Групп,Москва,"АРИОН ГРУПП, ООО",Москва,Торговля оптовая неспециализированная,Малые предприятия,2013.0,46.9,46.0,poligraficheskaya_deyatelnost,13.0,162535.0,157782.0,20353.0,3802.0,132693.0,102253.0,22815.0,3194.0,12454.0
Арсенал-Недвижимость,Санкт-Петербург,"АРСЕНАЛ НЕДВИЖИМОСТЬ, АО",Санкт-Петербург,Аренда и управление собственным или арендованным нежилым недвижимым имуществом,Средние предприятия,2013.0,68.20.2,68.0,stroitelstvo,19.0,1089390.0,781579.0,1503863.0,29129.0,754727.0,349099.0,,213036.0,40003.0
Аруна,Калининград,"АРУНА, ООО",Калининградская область,Производство изделий из пластмасс,Средние предприятия,2016.0,22.2,22.0,himicheskaya_promyshlennost,65.0,900061.0,133574.0,,,827641.0,107074.0,3988.0,677364.0,43788.0
Архыз 24,Черкесск,"АРХЫЗ-1650, ООО",Карачаево-Черкесская Республика,Деятельность гостиниц и прочих мест для временного проживания,Малые предприятия,2013.0,55.1,55.0,smi,79.0,175879.0,155840.0,316483.0,206593.0,332253.0,284687.0,,-54411.0,44253.0
Аскрин (Ascreen),Санкт-Петербург,"АСКРИН, ООО",Санкт-Петербург,Торговля оптовая прочей офисной техникой и оборудованием,Средние предприятия,2016.0,46.66,46.0,informacionnye_tehnologii,73.0,898448.0,866011.0,12115.0,3150.0,738916.0,610951.0,24507.0,22324.0,125680.0
Аспен Хэлс (Aspen),Москва,"АСПЕН ХЭЛС, ООО",Москва,Торговля оптовая фармацевтической продукцией,Средние предприятия,2017.0,46.46,46.0,farmacevtika,139.0,2513789.0,2429934.0,,744.0,2459174.0,1579200.0,655665.0,59489.0,400435.0
Астория,Новосибирск,"АСТОРИЯ, ООО",Новосибирская область,"Торговля оптовая транспортными средствами, кроме автомобилей, мотоциклов и велосипедов",Средние предприятия,2016.0,46.69.1,46.0,torgovlya,48.0,720599.0,656949.0,12228.0,105542.0,651387.0,508360.0,68572.0,48893.0,35043.0
Астрейд,Москва,"АСТРЕЙД, ООО",Москва,Торговля оптовая напитками,Малые предприятия,2018.0,46.34,46.0,pishhevaya_promyshlennost,14.0,193226.0,184272.0,6250.0,22885.0,180776.0,137211.0,32055.0,8281.0,5680.0
Атлант Клиникал (Atlant Clinical),Москва,"АТЛАНТ КЛИНИКАЛ, ООО",Москва,"Технические испытания, исследования, анализ и сертификация",Малые предприятия,2013.0,71.2,71.0,farmacevtika,70.0,503176.0,498780.0,8300.0,47305.0,282364.0,115306.0,5631.0,1501.0,196136.0
Атомэнергопром,Москва,"АТОМЭНЕРГОПРОМ, АО",Москва,"Деятельность, связанная с использованием вычислительной техники и информационных технологий, прочая",Средние предприятия,2013.0,62.09,62.0,energetika,32.0,,,96441282.0,282006062.0,910121.0,665633.0,56914.0,30610143.0,139234.0
Аэропорт Абакан,Абакан,"АЭРОПОРТ АБАКАН, АО",Хакасия (Республика),Деятельность аэропортовая,Малые предприятия,2013.0,52.23.11,52.0,transport,,,,10610.0,17971.0,283643.0,267588.0,4806.0,9511.0,178590.0
"БГТ, Березовский грузовой терминал",Екатеринбург,"БГТ , ООО БЕРЕЗОВСКИЙ ГРУЗОВОЙ ТЕРМИНАЛ, ООО",Свердловская область,Транспортная обработка грузов,Средние предприятия,2013.0,52.24,52.0,logistika,78.0,638076.0,600152.0,79836.0,59970.0,540208.0,425709.0,448.0,26197.0,86105.0
БПЦ Процессинг,Москва,"БПЦ ПРОЦЕССИНГ, ООО",Москва,Деятельность по созданию и использованию баз данных и информационных ресурсов,Малые предприятия,2016.0,63.11.1,63.0,internet_servisy,30.0,248057.0,246308.0,,1474.0,227348.0,196238.0,7361.0,1344.0,93176.0
Биопси Медикал,Москва,"БИОПСИ МЕДИКАЛ, ООО",Москва,Торговля оптовая фармацевтической продукцией,Малые предприятия,2017.0,46.46,46.0,farmacevtika,9.0,129677.0,124662.0,7370.0,10126.0,124981.0,100526.0,28850.0,3881.0,
Биофармлаб,Дубна,"БИОФАРМЛАБ, ООО",Московская область,Производство парфюмерных и косметических средств,Средние предприятия,2017.0,20.42,20.0,tovary_narodnogo_potrebleniya,60.0,855192.0,515193.0,214067.0,2042.0,841580.0,234031.0,169480.0,333118.0,63632.0
Бицерба Рус (Bizerba),Москва,"БИЦЕРБА РУС, ООО",Москва,"Торговля оптовая прочими машинами, приборами, аппаратурой и оборудованием общепромышленного и специального назначения",Средние предприятия,2013.0,46.69.9,46.0,torgovlya,61.0,1335150.0,1207866.0,8531.0,,879858.0,634663.0,100895.0,66675.0,101208.0
Бонус-Эдвайзер,Москва,"БОНУС-ЭДВАЙЗЕР, ООО",Москва,Деятельность рекламных агентств,Средние предприятия,2015.0,73.11,73.0,konsalting,26.0,1146736.0,844982.0,68752.0,25752.0,841008.0,562435.0,,185727.0,67988.0
Босла (Bosla),Москва,"БОСЛА, ООО",Москва,Производство бумажных канцелярских принадлежностей,Средние предприятия,2018.0,17.23,17.0,tovary_narodnogo_potrebleniya,29.0,331406.0,284261.0,13896.0,235.0,318122.0,229166.0,14552.0,37340.0,16632.0
Броен (запорная арматура),Московская область,"БРОЕН, ООО",Московская область,Производство арматуры трубопроводной,Средние предприятия,2013.0,28.14,28.0,mashinostroenie,134.0,1629226.0,1435463.0,,313418.0,1574922.0,1020276.0,190772.0,176001.0,170293.0
БьютиСервис,Москва,"БЬЮТИСЕРВИС, ООО",Москва,Торговля оптовая парфюмерными и косметическими товарами,Средние предприятия,2017.0,46.45,46.0,torgovlya,64.0,996150.0,905943.0,16409.0,,916169.0,789511.0,51843.0,71646.0,42903.0
ВАС Экспертс (VAS Experts),Санкт-Петербург,"ВАС ЭКСПЕРТС, ООО",Санкт-Петербург,"Разработка компьютерного программного обеспечения, консультационные услуги в данной области и другие сопутствующие услуги",Малые предприятия,2017.0,62,62.0,informacionnye_tehnologii,25.0,194464.0,99330.0,1225.0,60.0,166683.0,30415.0,11529.0,93378.0,
ВЫСОТАремстрой,Волгоград,"ВЫСОТАРЕМСТРОЙ, ООО",Волгоградская область,"Торговля розничная строительными материалами, не включенными в другие группировки, в специализированных магазинах",Средние предприятия,2016.0,47.52.7,47.0,stroitelstvo,72.0,1132671.0,1090192.0,,60661.0,1053719.0,889126.0,134700.0,31110.0,68452.0
ВеМаТэк-Стройтехнология,Москва,"ВЕМАТЭК-СТРОЙТЕХНОЛОГИЯ, ООО",Москва,Деятельность агентов по оптовой торговле универсальным ассортиментом товаров,Малые предприятия,2013.0,46.19,46.0,torgovlya,22.0,353750.0,347479.0,116804.0,21012.0,444379.0,370764.0,70244.0,3805.0,42271.0
Верфау (Werfau),Санкт-Петербург,"ВЕРФАУ, АО",Санкт-Петербург,"Производство прочего оборудования, применяемого в медицинских целях",Малые предприятия,2013.0,26.60.9,26.0,stroitelstvo,61.0,623935.0,611106.0,,109199.0,508149.0,455970.0,129.0,-12812.0,110324.0
Винотерра (Vinoterra),Москва,"ВИНОТЕРРА, ООО",Москва,Торговля оптовая напитками,Средние предприятия,2013.0,46.34,46.0,pishhevaya_promyshlennost,102.0,1389543.0,1335435.0,250095.0,246921.0,1051473.0,627683.0,278170.0,19257.0,100443.0
Владелита,Красноярск,"ВЛАДЕЛИТА, ООО",Красноярский край,Торговля оптовая неспециализированная замороженными пищевыми продуктами,Малые предприятия,2014.0,46.39.1,46.0,torgovlya,55.0,400256.0,409488.0,46807.0,11981.0,426117.0,358284.0,92871.0,-2911.0,35614.0
Владимирводоканал,Владимир,"ВЛАДИМИРВОДОКАНАЛ, МУП",Владимирская область,Распределение воды для питьевых и промышленных нужд,Средние предприятия,2013.0,36.00.2,36.0,zhkh,,,,139641.0,162024.0,1274731.0,1024645.0,53959.0,59908.0,449299.0
Водэко,Москва,"ВОДЭКО, ООО",Москва,"Торговля оптовая скобяными изделиями, водопроводным и отопительным оборудованием и принадлежностями",Средние предприятия,2016.0,46.74,46.0,torgovlya,65.0,803886.0,591482.0,20000.0,,767545.0,446134.0,63374.0,156227.0,132293.0
Волга-Дон,Мытищи,"ВОЛГА-ДОН, ООО",Московская область,Торговля оптовая неспециализированная,Средние предприятия,2017.0,46.9,46.0,stroitelstvo,22.0,857359.0,775582.0,,,851216.0,716484.0,53568.0,64083.0,9639.0
Восток-УАЗ,Владивосток,"ВОСТОК-УАЗ, ООО",Приморский край,Торговля оптовая легковыми автомобилями и легкими автотранспортными средствами,Средние предприятия,2013.0,45.11.1,45.0,torgovlya,81.0,1216768.0,1184950.0,153014.0,147595.0,1043796.0,843082.0,157591.0,20958.0,38895.0
Восточный берег,Петропавловск-Камчатский,"ВОСТОЧНЫЙ БЕРЕГ, ООО",Камчатский край,Рыболовство морское,Средние предприятия,2013.0,03.11,3.0,selskoe_hozyaystvo,160.0,2296206.0,1526671.0,266087.0,52289.0,1795172.0,770280.0,192341.0,631416.0,499620.0
Геберит Рус (Geberit),Москва,"ГЕБЕРИТ РУС, ООО",Москва,Торговля оптовая санитарно-техническим оборудованием,Средние предприятия,2017.0,46.73.3,46.0,torgovlya,63.0,1975873.0,1841234.0,,,1934873.0,1368202.0,451432.0,99612.0,165388.0
Гипрогор,Москва,"ГИПРОГОР, АО",Москва,"Деятельность в области архитектуры, связанная с созданием архитектурного объекта",Малые предприятия,2014.0,71.11.1,71.0,obrazovanie,76.0,183695.0,182825.0,52836.0,38904.0,213650.0,150173.0,,1533.0,84145.0
ГолденМит,Москва,"ГОЛДЕНМИТ, ООО",Москва,Торговля оптовая за вознаграждение или на договорной основе,Малые предприятия,2014.0,46.1,46.0,pishhevaya_promyshlennost,5.0,469658.0,466434.0,3919.0,34312.0,479330.0,458810.0,11730.0,2368.0,4261.0
ГорИнжСтрой,Москва,"ГОРИНЖСТРОЙ, ООО",Москва,Строительство автомобильных дорог и автомагистралей,Средние предприятия,2016.0,42.11,42.0,stroitelstvo,151.0,1636152.0,1491027.0,,141495.0,1377628.0,1135085.0,,107783.0,119241.0
Горстройзаказчик,Вологда,"ГОРСТРОЙЗАКАЗЧИК, ЗАО",Вологодская область,"Деятельность заказчика-застройщика, генерального подрядчика",Средние предприятия,2013.0,71.12.2,71.0,stroitelstvo,35.0,786220.0,756162.0,162092.0,69596.0,573221.0,473392.0,2619.0,17360.0,34991.0
Грубер Лоджистикс (Gruber Logistics),Санкт-Петербург,"ГРУБЕР ЛОДЖИСТИКС, ООО",Санкт-Петербург,"Деятельность вспомогательная прочая, связанная с перевозками",Малые предприятия,2016.0,52.29,52.0,logistika,6.0,136779.0,137317.0,11875.0,199.0,97398.0,86201.0,137.0,-506.0,8719.0
Грузвинпром,Москва,"ГРУЗВИНПРОМ, ООО",Москва,Торговля оптовая напитками,Малые предприятия,2017.0,46.34,46.0,torgovlya,35.0,550007.0,547239.0,133951.0,35760.0,283556.0,219909.0,67906.0,8280.0,42418.0
Группа Борлас (Borlas),Москва,"ГРУППА БОРЛАС, ООО",Москва,Деятельность консультативная и работы в области компьютерных технологий,Средние предприятия,2013.0,62.02,62.0,informacionnye_tehnologii,18.0,2276638.0,2217905.0,,320806.0,2116265.0,1958862.0,2105.0,42595.0,57882.0
Группа Смиком,Москва,"ГРУППА СМИКОМ, ООО",Москва,Деятельность агентов по оптовой торговле строительными материалами,Малые предприятия,2015.0,46.13.2,46.0,stroitelstvo,55.0,793641.0,669884.0,,794557.0,636665.0,267848.0,750.0,86741.0,321156.0
"Группа компаний «МАЙ» (ранее Май ЦКТ, Май Центр компьютерных технологий)",Нижний Новгород,"МАЙ, АО ГК",Нижегородская область,"Торговля оптовая компьютерами, периферийными устройствами к компьютерам и программным обеспечением",Малые предприятия,2017.0,46.51,46.0,informacionnye_tehnologii,16.0,134614.0,128742.0,,1692.0,132345.0,112104.0,9748.0,4689.0,11371.0
ДВ Скан,Хабаровск,"ДВ СКАН, ООО",Хабаровский край,Торговля оптовая прочими автотранспортными средствами,Средние предприятия,2013.0,45.19.1,45.0,torgovlya,63.0,1513400.0,1431139.0,38699.0,48065.0,1205229.0,1006036.0,129694.0,52816.0,27062.0
Данвита,Москва,"ДАНВИТА, АО",Москва,Аренда и управление собственным или арендованным нежилым недвижимым имуществом,Средние предприятия,2014.0,68.20.2,68.0,stroitelstvo,34.0,1246674.0,788248.0,,152990.0,983961.0,461302.0,,338760.0,47695.0
Дата-Центр Автоматика,Екатеринбург,"ДАТА-ЦЕНТР АВТОМАТИКА, ООО",Свердловская область,Разработка компьютерного программного обеспечения,Малые предприятия,2013.0,62.01,62.0,informacionnye_tehnologii,32.0,94244.0,97681.0,,46958.0,94765.0,73584.0,,-1582.0,34314.0
Девятый трест-комфорт,Ижевск,"ДЕВЯТЫЙ ТРЕСТ-КОМФОРТ, ООО",Удмуртская Республика,"Производство электромонтажных, санитарно-технических и прочих строительно-монтажных работ",Средние предприятия,2013.0,43.2,43.0,torgovlya,34.0,877260.0,868801.0,,39057.0,771890.0,713122.0,,6065.0,23302.0
Деликатный переезд,Москва,"ДЕЛИКАТНЫЙ ПЕРЕЕЗД, ООО",Москва,"Деятельность вспомогательная прочая, связанная с перевозками",Малые предприятия,2013.0,52.29,52.0,zhkh,65.0,203685.0,186692.0,,612.0,174520.0,122446.0,18449.0,11439.0,33131.0
Денеб,Махачкала,"ДЕНЕБ, ОАО",Дагестан (Республика),"Производство безалкогольных напитков ароматизированных и/или с добавлением сахара, кроме минеральных вод",Средние предприятия,2013.0,11.07.2,11.0,pishhevaya_promyshlennost,247.0,1607692.0,1493278.0,277358.0,,1280018.0,1104425.0,14245.0,88796.0,90002.0
ДиаЛаб Плюс,Москва,"ДИАЛАБ ПЛЮС, ООО",Москва,"Деятельность в области медицины прочая, не включенная в другие группировки",Средние предприятия,2017.0,86.90.9,86.0,farmacevtika,73.0,1439708.0,1090265.0,,32288.0,1332682.0,897383.0,,349443.0,54328.0
Диас-К,Москва,"ДИАС-К, ООО",Москва,Деятельность в области защиты информации и обеспечения безопасности критической информационной инфраструктуры,Малые предприятия,2015.0,74.90.9,74.0,torgovlya,29.0,593922.0,586355.0,29340.0,5421.0,564166.0,540278.0,4813.0,5480.0,9224.0
"Диета-18, Сеть продуктовых магазинов",Санкт-Петербург,"ДИЕТА-18, АО",Санкт-Петербург,Аренда и управление собственным или арендованным нежилым недвижимым имуществом,Малые предприятия,2017.0,68.20.2,68.0,torgovlya,65.0,336702.0,292598.0,581429.0,161245.0,300106.0,240935.0,,37665.0,28793.0
Дипо,Тольятти,"ДИПО, ООО",Самарская область,"Производство частей и принадлежностей для автотранспортных средств, не включенных в другие группировки",Средние предприятия,2013.0,29.32.3,29.0,mashinostroenie,152.0,3461477.0,3034714.0,135000.0,137350.0,2665602.0,2228461.0,4547.0,211565.0,166230.0
Дисплей Балтика,Санкт-Петербург,"ДИСПЛЕЙ БАЛТИКА, ООО",Санкт-Петербург,"Торговля оптовая компьютерами, периферийными устройствами к компьютерам и программным обеспечением",Малые предприятия,2017.0,46.51,46.0,informacionnye_tehnologii,31.0,491444.0,474436.0,,11341.0,586945.0,511628.0,60508.0,13525.0,35615.0
Дон-Моторс плюс,Ростов-на-Дону,"ДОН-МОТОРС ПЛЮС, ООО",Ростовская область,Торговля автотранспортными средствами,Малые предприятия,2013.0,45.1,45.0,torgovlya,57.0,557842.0,587656.0,260382.0,134268.0,553686.0,495614.0,82400.0,-26387.0,19726.0
Доставка,Воронеж,"ДОСТАВКА, ООО",Воронежская область,"Деятельность агентов по оптовой торговле пищевыми продуктами, напитками и табачными изделиями",Малые предприятия,2015.0,46.17,46.0,logistika,92.0,869669.0,803526.0,155031.0,737429.0,834475.0,646873.0,106862.0,59219.0,18722.0
Дэшборд Системс (Dashboard Systems),Москва,"ДЭШБОРД СИСТЕМС, АО",Москва,Научные исследования и разработки в области естественных и технических наук прочие,Малые предприятия,2013.0,72.19,72.0,informacionnye_tehnologii,42.0,174282.0,130082.0,42255.0,43766.0,104438.0,32894.0,17472.0,26551.0,69266.0
ЕРСМ Сибири,Красноярск,"ЕРСМ СИБИРИ, ООО",Красноярский край,"Деятельность в области архитектуры, инженерных изысканий и предоставление технических консультаций в этих областях",Средние предприятия,2015.0,71.1,71.0,stroitelstvo,117.0,962837.0,969518.0,948.0,58790.0,758272.0,653600.0,190.0,-10170.0,106748.0
"ЕСМ, Москва",Москва,"ЕСМ, ООО",Москва,"Торговля розничная изделиями, применяемыми в медицинских целях, ортопедическими изделиями в специализированных магазинах",Малые предприятия,2017.0,47.74,47.0,torgovlya,15.0,257284.0,254772.0,7686.0,,256739.0,211529.0,41730.0,1630.0,15339.0
ЗСД (Западный скоростной диаметр),Санкт-Петербург,"ЗСД, АО",Санкт-Петербург,Аренда и управление собственным или арендованным недвижимым имуществом,Средние предприятия,2013.0,68.2,68.0,transport,78.0,890437.0,5466527.0,26003363.0,599612.0,395904.0,475082.0,,-2263877.0,148884.0
Зульцер Пампс Рус,Москва,ЗУЛЬЦЕР ПАМПС РУС,Москва,Торговля оптовая прочими машинами и оборудованием,Малые предприятия,2015.0,46.69,46.0,mashinostroenie,46.0,1600194.0,1448506.0,,261.0,1561000.0,1184161.0,88348.0,153379.0,156281.0
ИНВИТРО-Информационные технологии,Москва,"ИНВИТРО-ИНФОРМАЦИОННЫЕ ТЕХНОЛОГИИ, ООО",Москва,"Разработка компьютерного программного обеспечения, консультационные услуги в данной области и другие сопутствующие услуги",Средние предприятия,2013.0,62,62.0,informacionnye_tehnologii,199.0,726172.0,789074.0,443918.0,166126.0,535236.0,523271.0,36.0,-32069.0,261189.0
Ивапер (Ivaper),Санкт-Петербург,"ИВАПЕР, ООО",Санкт-Петербург,"Производство пластмассовых плит, полос, труб и профилей",Средние предприятия,2017.0,22.21,22.0,himicheskaya_promyshlennost,90.0,1386687.0,1275022.0,273804.0,359167.0,1313679.0,1057063.0,49194.0,90683.0,74760.0
Ильинское 95,Московская область,"ИЛЬИНСКОЕ 95, ООО ПК",Московская область,"Производство сливочного масла, топленого масла, масляной пасты, молочного жира, спредов и топленых сливочно-растительных смесей",Средние предприятия,2015.0,10.51.2,10.0,pishhevaya_promyshlennost,146.0,1217888.0,1190165.0,27867.0,56430.0,1123304.0,967831.0,,19339.0,129728.0
Импортсервис,Пермь,"ИМПОРТСЕРВИС, ООО",Пермский край,Торговля оптовая непродовольственными потребительскими товарами,Средние предприятия,2017.0,46.4,46.0,torgovlya,29.0,961224.0,849763.0,10418.0,5242.0,903754.0,549799.0,209859.0,88010.0,24455.0
ИнСетКом,Екатеринбург,"ИНСЕТКОМ, ООО",Свердловская область,"Производство санитарно-технических работ, монтаж отопительных систем и систем кондиционирования воздуха",Средние предприятия,2017.0,43.22,43.0,energetika,198.0,1177874.0,1103506.0,165295.0,155800.0,968213.0,806750.0,,58589.0,166665.0
Инвар,Москва,"ИНВАР, ООО",Москва,Торговля оптовая фармацевтической продукцией,Средние предприятия,2013.0,46.46,46.0,farmacevtika,97.0,1499221.0,1395581.0,,306287.0,1742533.0,814460.0,681140.0,103609.0,230773.0
Инвентум,Москва,"ИНВЕНТУМ, ООО",Москва,"Торговля оптовая твердым, жидким и газообразным топливом и подобными продуктами",Малые предприятия,2017.0,46.71,46.0,neftyanaya_promyshlennost,9.0,223950.0,218332.0,13811.0,2992.0,204318.0,154675.0,39068.0,3829.0,
Ингал,Москва,"ИНГАЛ, ООО",Москва,Торговля оптовая фармацевтической продукцией,Средние предприятия,2017.0,46.46,46.0,torgovlya,66.0,657749.0,459422.0,380996.0,122678.0,598237.0,176693.0,75947.0,157875.0,105519.0
ИндаСофт,Москва,"ИНДАСОФТ, ООО",Москва,Разработка компьютерного программного обеспечения,Средние предприятия,2017.0,62.01,62.0,informacionnye_tehnologii,197.0,975482.0,917681.0,,69015.0,904092.0,579763.0,,52050.0,478981.0
Инлз,Санкт-Петербург,"ИНЛЗ, ООО",Санкт-Петербург,Ремонт электронного и оптического оборудования,Средние предприятия,2017.0,33.13,33.0,torgovlya,16.0,778748.0,655636.0,304.0,,700534.0,403416.0,36922.0,98488.0,83505.0
Интегра-С,Москва,"ИНТЕГРА -С, ЗАО",Москва,Разработка компьютерного программного обеспечения,Малые предприятия,2013.0,62.01,62.0,informacionnye_tehnologii,78.0,469926.0,458654.0,,11990.0,436021.0,412456.0,2767.0,8444.0,76704.0
Интерост,Московская область,"ИНТЕРОСТ, ООО",Московская область,Строительство жилых и нежилых зданий,Малые предприятия,2017.0,41.2,41.0,stroitelstvo,45.0,148422.0,126791.0,4745.0,420.0,147159.0,124825.0,,17182.0,
Интэллекс (Intellex),Москва,"ИНТЭЛЛЕКС, ООО",Москва,Разработка компьютерного программного обеспечения,Малые предприятия,2013.0,62.01,62.0,informacionnye_tehnologii,91.0,557532.0,494356.0,6199.0,14228.0,466255.0,294976.0,,51042.0,278716.0
Инфорсер Инжиниринг,Москва,"ИНФОРСЕР ИНЖИНИРИНГ, ООО",Москва,Разработка компьютерного программного обеспечения,Средние предприятия,2013.0,62.01,62.0,informacionnye_tehnologii,135.0,1316683.0,1216703.0,,78355.0,1495285.0,1260015.0,,71171.0,261405.0
Искра-Мед,Барнаул,"ИСКРА-МЕД, ООО",Алтайский край,"Торговля оптовая изделиями, применяемыми в медицинских целях",Средние предприятия,2017.0,46.46.2,46.0,farmacevtika,46.0,1055320.0,918111.0,,11248.0,1046602.0,794468.0,71218.0,109446.0,45944.0
КИА НК (KIA),Краснодар,"КИА НК, ООО",Краснодарский край,Торговля розничная легковыми автомобилями и легкими автотранспортными средствами в специализированных магазинах,Средние предприятия,2013.0,45.11.2,45.0,torgovlya,51.0,2245396.0,2167406.0,61396.0,52522.0,1703455.0,1589337.0,35241.0,43049.0,46437.0
КМ Логистик (KM Logistic),Артем,"КМ ЛОГИСТИК, ООО",Приморский край,Строительство жилых и нежилых зданий,Малые предприятия,2017.0,41.2,41.0,logistika,22.0,204032.0,106947.0,459713.0,38433.0,168999.0,65050.0,,92251.0,16970.0
КМЗ (Кингисеппский машиностроительный завод),Санкт-Петербург,"КМЗ, ООО",Санкт-Петербург,Производство строительных металлических конструкций и изделий,Малые предприятия,2016.0,25.1,25.0,stroitelstvo,66.0,449612.0,420763.0,60292.0,4201.0,401639.0,321295.0,2432.0,23498.0,38900.0
КабельСтар (CableStar),Москва,"КАБЕЛЬСТАР, ООО",Москва,"Торговля оптовая производственным электротехническим оборудованием, машинами, аппаратурой и материалами",Средние предприятия,2017.0,46.69.5,46.0,torgovlya,64.0,2398509.0,2309908.0,,157017.0,2152627.0,1880070.0,194588.0,74267.0,53564.0
Калининградхлеб,Московская область,"КАЛИНИНГРАДХЛЕБ, ООО",Московская область,"Производство хлеба и мучных кондитерских изделий, тортов и пирожных недлительного хранения",Средние предприятия,2013.0,10.71,10.0,pishhevaya_promyshlennost,211.0,749133.0,744010.0,59065.0,31044.0,677371.0,415177.0,115964.0,16038.0,157408.0
Камчатский водоканал,Петропавловск-Камчатский,"КАМЧАТСКИЙ ВОДОКАНАЛ, КГУП",Камчатский край,"Забор, очистка и распределение воды",Средние предприятия,2013.0,36,36.0,zhkh,,,,,127139.0,1254789.0,1438414.0,,52678.0,811405.0
Каракан инвест,Москва,"КАРАКАН ИНВЕСТ, ООО",Москва,"Торговля оптовая прочими потребительскими товарами, не включенными в другие группировки",Малые предприятия,2013.0,46.49.49,46.0,energetika,77.0,1042715.0,639907.0,1318868.0,57505.0,232469.0,137694.0,10140.0,249132.0,185224.0
Квантек (quantec),Санкт-Петербург,"КВАНТЕК, ООО",Санкт-Петербург,Деятельность в области связи на базе проводных технологий,Средние предприятия,2017.0,61.1,61.0,telekommunikaciya,42.0,834646.0,827635.0,28321.0,9709.0,816127.0,795044.0,,5162.0,52872.0
Клёкнер Пентапласт Рус (Klockner Pentaplast Rus),Санкт-Петербург,"КЛЁКНЕР ПЕНТАПЛАСТ РУС, ООО",Санкт-Петербург,"Производство пластмассовых плит, полос, труб и профилей",Средние предприятия,2013.0,22.21,22.0,himicheskaya_promyshlennost,121.0,1763581.0,1659952.0,,28581.0,1518678.0,1276833.0,53831.0,64917.0,156492.0
Кодекс (СпБ),Санкт-Петербург,"КОДЕКС, АО",Санкт-Петербург,Деятельность по созданию и использованию баз данных и информационных ресурсов,Средние предприятия,2018.0,63.11.1,63.0,informacionnye_tehnologii,207.0,1048210.0,970864.0,40000.0,372.0,1019656.0,833681.0,9463.0,73507.0,283671.0
Кожуховская-Инвест,Москва,"КОЖУХОВСКАЯ-ИНВЕСТ, ООО",Москва,Аренда и управление собственным или арендованным недвижимым имуществом,Средние предприятия,2015.0,68.2,68.0,nedvizhimost,37.0,1013668.0,1776566.0,9037758.0,654300.0,803519.0,832604.0,40633.0,-820229.0,122276.0
Комаровское,Нижний Новгород,"КОМАРОВСКОЕ, ЗАО",Нижегородская область,"Разведение молочного крупного рогатого скота, производство сырого молока",Малые предприятия,2013.0,01.41,1.0,selskoe_hozyaystvo,65.0,130415.0,126573.0,49948.0,3956.0,104858.0,104443.0,664.0,12574.0,31036.0
Коммерческий центр (Шелехов),Шелехов,"КОММЕРЧЕСКИЙ ЦЕНТР, ООО",Иркутская область,Торговля оптовая фруктами и овощами,Малые предприятия,2013.0,46.31,46.0,torgovlya,24.0,133701.0,131183.0,151574.0,,220889.0,136871.0,72254.0,2536.0,4536.0
Компания Нанодент,Москва,"КОМПАНИЯ НАНОДЕНТ, ООО",Москва,Торговля оптовая парфюмерными и косметическими товарами,Малые предприятия,2016.0,46.45,46.0,tovary_narodnogo_potrebleniya,12.0,113044.0,99525.0,1378.0,11537.0,93436.0,59509.0,14087.0,9584.0,1202.0
Компания Север,Екатеринбург,"КОМПАНИЯ СЕВЕР, ООО",Свердловская область,Ремонт машин и оборудования,Малые предприятия,2013.0,33.12,33.0,orgtehnika,32.0,235514.0,229205.0,30790.0,5090.0,181973.0,146039.0,4918.0,3652.0,8738.0
Континент Опт,Владивосток,"КОНТИНЕНТ ОПТ, ООО",Приморский край,Торговля оптовая бытовыми электротоварами,Малые предприятия,2017.0,46.43,46.0,torgovlya,17.0,617349.0,607803.0,161099.0,12739.0,560024.0,476520.0,65941.0,7204.0,9557.0
Корвэй (Corwey),Санкт-Петербург,"КОРВЭЙ, ООО",Санкт-Петербург,Торговля оптовая фармацевтической продукцией,Средние предприятия,2017.0,46.46,46.0,farmacevtika,52.0,903744.0,843205.0,135113.0,132094.0,816658.0,662518.0,527441.0,49259.0,268173.0
Корпорация развития Ульяновской области,Ульяновск,"КОРПОРАЦИЯ РАЗВИТИЯ УЛЬЯНОВСКОЙ ОБЛАСТИ, АО",Ульяновская область,"Деятельность по предоставлению прочих вспомогательных услуг для бизнеса, не включенная в другие группировки",Малые предприятия,2014.0,82.99,82.0,finansovye_uslugi,50.0,167149.0,163904.0,213710.0,3749.0,53883.0,45521.0,,7066.0,42848.0
Краснокамский РМЗ (КРМЗ),Краснокамск,"КРАСНОКАМСКИЙ РМЗ, ООО",Пермский край,Обработка металлов и нанесение покрытий на металлы,Средние предприятия,2013.0,25.61,25.0,mashinostroenie,228.0,1130445.0,1059724.0,53360.0,85172.0,778982.0,632155.0,36671.0,37328.0,122247.0
Кубаньгазэнергосервис,Смоленск,"КУБАНЬГАЗЭНЕРГОСЕРВИС, ООО",Смоленская область,Производство электромонтажных работ,Малые предприятия,2017.0,43.21,43.0,energetika,41.0,1540137.0,1469541.0,,2462.0,911629.0,786842.0,113.0,51730.0,6917.0
Кургансемена,Курган,"КУРГАНСЕМЕНА, АО",Курганская область,"Торговля оптовая зерном, необработанным табаком, семенами и кормами для сельскохозяйственных животных",Средние предприятия,2013.0,46.21,46.0,selskoe_hozyaystvo,212.0,1755543.0,1668725.0,150119.0,99135.0,1325898.0,1123286.0,80908.0,67618.0,103879.0
Курскпродукт,Курск,"КУРСКПРОДУКТ, ООО",Курская область,Производство пищевого спирта,Средние предприятия,2013.0,11.01.4,11.0,pishhevaya_promyshlennost,208.0,1714433.0,1395213.0,152516.0,1099.0,1286938.0,850308.0,51576.0,189359.0,78838.0
ЛАНИТ-Сибирь (ранее ЛАНИТ-Красноярск),Красноярск,"ЛАНИТ-СИБИРЬ, ООО",Красноярский край,"Деятельность, связанная с использованием вычислительной техники и информационных технологий, прочая",Малые предприятия,2017.0,62.09,62.0,informacionnye_tehnologii,40.0,436030.0,414287.0,81261.0,34622.0,420854.0,304105.0,89447.0,17110.0,39924.0
ЛПО-Вездеход,Москва,"ЛПО-ВЕЗДЕХОД, ООО",Москва,Производство обуви,Малые предприятия,2015.0,15.2,15.0,tovary_narodnogo_potrebleniya,73.0,236179.0,174469.0,23266.0,7592.0,209914.0,133992.0,2341.0,43937.0,25214.0
Лабквест (LabQuest),Москва,"ЛАБКВЕСТ, АО",Москва,"Деятельность в области медицины прочая, не включенная в другие группировки",Средние предприятия,2017.0,86.90.9,86.0,farmacevtika,108.0,1169726.0,1155730.0,358379.0,237503.0,1087804.0,531207.0,359793.0,9240.0,204947.0
Лиго-дизайн трейдинг,Южно-Сахалинск,"ЛИГО-ДИЗАЙН ТРЕЙДИНГ, ООО",Сахалинская область,Строительство жилых и нежилых зданий,Средние предприятия,2017.0,41.2,41.0,stroitelstvo,165.0,1147318.0,1102042.0,169542.0,36352.0,1096326.0,930155.0,1177.0,33505.0,141404.0
Линтекс,Санкт-Петербург,"ЛИНТЕКС, ООО",Санкт-Петербург,"Производство материалов, применяемых в медицинских целях",Малые предприятия,2014.0,21.20.2,21.0,himicheskaya_promyshlennost,87.0,527935.0,380933.0,88183.0,22122.0,432729.0,277122.0,4342.0,87216.0,81535.0
ЛогЛаб,Москва,"ЛОГЛАБ, ООО",Москва,Деятельность автомобильного грузового транспорта,Средние предприятия,2013.0,49.41,49.0,informacionnye_tehnologii,214.0,1048143.0,1036905.0,99643.0,32156.0,742023.0,567388.0,,5637.0,133484.0
Логинпром (Логика-Инвестиции-Промышленность),Таганрог,"ЛОГИНПРОМ, ООО",Ростовская область,Производство автомобилей специального назначения,Малые предприятия,2017.0,29.10.5,29.0,transport,83.0,337235.0,314071.0,29953.0,65483.0,327585.0,275586.0,10963.0,17947.0,24979.0
Лорус Эс Си Эм (Lorus SCM),Москва,"ЛОРУС ЭС СИ ЭМ, ООО",Москва,"Деятельность вспомогательная прочая, связанная с перевозками",Средние предприятия,2017.0,52.29,52.0,logistika,188.0,6370946.0,5935035.0,,237924.0,6188171.0,5321510.0,,344530.0,273403.0
МДМ (Делай Мебель),Москва,"МДМ, АО",Москва,Аренда и управление собственным или арендованным нежилым недвижимым имуществом,Малые предприятия,2017.0,68.20.2,68.0,torgovlya,36.0,514593.0,457656.0,,25328.0,485173.0,332593.0,,41776.0,71172.0
МПТ-сервис (MPT Service),Москва,"МПТ-СЕРВИС, ЗАО",Москва,"Строительство инженерных коммуникаций для водоснабжения и водоотведения, газоснабжения",Малые предприятия,2015.0,42.21,42.0,stroitelstvo,23.0,249892.0,205257.0,,10434.0,225497.0,157476.0,816.0,27665.0,18567.0
МРК Пионер,Москва,"МРК ПИОНЕР, ООО",Москва,"Деятельность заказчика-застройщика, генерального подрядчика",Средние предприятия,2017.0,71.12.2,71.0,stroitelstvo,56.0,3052567.0,1877393.0,1488063.0,12568.0,2800471.0,1266097.0,,918605.0,228163.0
МЦРМ (Международный центр репродуктивной медицины),Санкт-Петербург,"МЦРМ, АО",Санкт-Петербург,Деятельность больничных организаций,Малые предприятия,2015.0,86.1,86.0,farmacevtika,92.0,398804.0,396117.0,150506.0,14289.0,382835.0,296328.0,2700.0,-864.0,146644.0
Магистраль двух столиц,Санкт-Петербург,"МАГИСТРАЛЬ ДВУХ СТОЛИЦ, ООО",Санкт-Петербург,Деятельность по эксплуатации автомобильных дорог и автомагистралей,Средние предприятия,2018.0,52.21.22,52.0,stroitelstvo,81.0,4181417.0,4234344.0,27248229.0,4046458.0,810466.0,895017.0,,-35336.0,215960.0
Марттрейд,Ростов-на-Дону,"МАРТТРЕЙД, ООО",Ростовская область,"Резка, обработка и отделка камня",Малые предприятия,2017.0,23.7,23.0,torgovlya,88.0,301245.0,290450.0,,25668.0,278724.0,226610.0,24198.0,8959.0,22552.0
МастерСлух,Таганрог,"МАСТЕРСЛУХ, ООО",Ростовская область,Общая врачебная практика,Малые предприятия,2017.0,86.21,86.0,farmacevtika,68.0,278431.0,266256.0,23369.0,867.0,275633.0,218464.0,60317.0,4049.0,27900.0
Меринг Инжиниринг,Тверь,"МЕРИНГ ИНЖИНИРИНГ, АО",Тверская область,"Строительство инженерных коммуникаций для водоснабжения и водоотведения, газоснабжения",Средние предприятия,2017.0,42.21,42.0,energetika,96.0,1078160.0,1027175.0,57324.0,186.0,1014437.0,917728.0,,39155.0,79934.0
Милеком,Барнаул,"МИЛЕКОМ, ООО",Алтайский край,Деятельность в области связи на базе проводных технологий,Малые предприятия,2013.0,61.1,61.0,telekommunikaciya,82.0,696297.0,560852.0,58797.0,39265.0,558275.0,416282.0,15511.0,76614.0,73252.0
Минотавр Плюс,Санкт-Петербург,"МИНОТАВР ПЛЮС, ООО",Санкт-Петербург,Торговля оптовая прочими бытовыми товарами,Малые предприятия,2017.0,46.49,46.0,torgovlya,39.0,137177.0,115987.0,,28109.0,164011.0,114565.0,33526.0,23770.0,
Мир заморозки (Юж),Москва,"МИР ЗАМОРОЗКИ, ООО",Москва,Прочие виды переработки и консервирования фруктов и овощей,Средние предприятия,2017.0,10.39,10.0,pishhevaya_promyshlennost,27.0,1391512.0,1372672.0,142500.0,24263.0,1297213.0,1093078.0,56839.0,14368.0,9568.0
Модный Дом Ульяна Сергеенко,Москва,"МОДНЫЙ ДОМ УЛЬЯНА СЕРГЕЕНКО, ООО",Москва,Производство прочей верхней одежды,Малые предприятия,2017.0,14.13,14.0,legkaya_promyshlennost,50.0,353254.0,280932.0,7984.0,2978.0,325948.0,132851.0,119645.0,57620.0,69517.0
Морозофф,Тверь,"МОРОЗОФФ, ООО",Тверская область,"Торговля оптовая прочими пищевыми продуктами, включая рыбу, ракообразных и моллюсков",Средние предприятия,2017.0,46.38,46.0,pishhevaya_promyshlennost,202.0,1234483.0,1194961.0,17778.0,45808.0,1201947.0,884588.0,221447.0,31125.0,134314.0
Московский городской гольф клуб,Москва,"МОСКОВСКИЙ ГОРОДСКОЙ ГОЛЬФ КЛУБ, ООО",Москва,Деятельность спортивных клубов,Малые предприятия,2013.0,93.12,93.0,industriya_razvlecheniy,44.0,284840.0,322095.0,315012.0,571799.0,141234.0,165326.0,,-47735.0,61706.0
Мотор Фильм Студия (Motor Film Studio),Москва,"МОТОР ФИЛЬМ СТУДИЯ, ЗАО",Москва,"Производство кинофильмов, видеофильмов и телевизионных программ",Малые предприятия,2014.0,59.1,59.0,smi,6.0,156585.0,163073.0,10000.0,10326.0,103715.0,90205.0,4341.0,-4398.0,9479.0
Н-БНК (BNK Group),Москва,"Н-БНК, ООО",Москва,"Торговля оптовая лесоматериалами, строительными материалами и санитарно-техническим оборудованием",Малые предприятия,2017.0,46.73,46.0,torgovlya,16.0,310499.0,287717.0,747.0,7552.0,290968.0,211824.0,43196.0,18096.0,9006.0
НАРД,Москва,"НАРД, ООО",Москва,Торговля оптовая специализированная прочая,Малые предприятия,2013.0,46.7,46.0,torgovlya,16.0,483344.0,472910.0,18728.0,8950.0,272282.0,221012.0,38291.0,6576.0,2048.0
НАТЭК-Нефтехиммаш,Минеральные Воды,"НАТЭК-НЕФТЕХИММАШ, ООО",Ставропольский край,"Производство теплообменных устройств, оборудования для кондиционирования воздуха промышленного холодильного и морозильного оборудования, производство оборудования для фильтрования и очистки газов",Средние предприятия,2017.0,28.25.1,28.0,metallurgicheskaya_promyshlennost,102.0,972110.0,941216.0,29139.0,8003.0,957507.0,772969.0,,24638.0,56021.0
НИЦ Форс,Самара,"НИЦ ФОРС, ООО",Самарская область,Производство электромонтажных работ,Средние предприятия,2013.0,43.21,43.0,elektrotehnika,223.0,1236836.0,1226450.0,,56927.0,1063879.0,938199.0,823.0,12744.0,161655.0
НПК Протэкт,Переславль-Залесский,"НПК ПРОТЭКТ, ООО",Ярославская область,"Производство пластмассовых плит, полос, труб и профилей",Средние предприятия,2013.0,22.21,22.0,stroitelstvo,207.0,825490.0,742232.0,75850.0,115128.0,783471.0,572825.0,67312.0,55286.0,106930.0
НПО ХС Машиностроение,Москва,"НПО ХС МАШИНОСТРОЕНИЕ, ООО",Москва,"Строительство кораблей, судов и плавучих конструкций",Малые предприятия,2018.0,30.11,30.0,transport,100.0,266665.0,240162.0,26340.0,88854.0,233462.0,113288.0,3.0,20527.0,113521.0
Нафта Групп,Екатеринбург,"НАФТА ГРУПП, ООО",Свердловская область,Деятельность автомобильного грузового транспорта,Малые предприятия,2017.0,49.41,49.0,neftyanaya_promyshlennost,20.0,843766.0,842366.0,35716.0,51068.0,814002.0,707204.0,100434.0,-954.0,12096.0
Нефтепродуктсервис,Москва,"НЕФТЕПРОДУКТСЕРВИС, ООО",Москва,Хранение и складирование нефти и продуктов ее переработки,Средние предприятия,2017.0,52.10.21,52.0,neftyanaya_promyshlennost,51.0,727795.0,721588.0,37386.0,22061.0,704847.0,530939.0,50766.0,4040.0,38326.0
Новапорт Холдинг,Москва,"НОВАПОРТ ХОЛДИНГ, ООО",Москва,Деятельность аэропортовая,Малые предприятия,2016.0,52.23.11,52.0,transport,20.0,7099680.0,1804761.0,2064049.0,2108495.0,342596.0,12734.0,,5776930.0,594935.0
Новотранс Актив,Москва,"НОВОТРАНС АКТИВ, ООО",Москва,"Деятельность заказчика-застройщика, генерального подрядчика",Средние предприятия,2017.0,71.12.2,71.0,logistika,54.0,944213.0,628333.0,1282627.0,176739.0,799400.0,605204.0,,249515.0,139413.0
Ноктюрн,Нижний Новгород,"НОКТЮРН, ООО",Нижегородская область,Торговля оптовая парфюмерными и косметическими товарами,Средние предприятия,2013.0,46.45,46.0,logistika,131.0,1303208.0,1261525.0,102491.0,80161.0,1252919.0,1065852.0,166369.0,24838.0,46616.0
Норд-Авто,Тверь,"НОРД-АВТО, ООО",Тверская область,Торговля розничная легковыми автомобилями и легкими автотранспортными средствами в специализированных магазинах,Средние предприятия,2013.0,45.11.2,45.0,torgovlya,54.0,1084781.0,1063098.0,118114.0,31515.0,1006197.0,933748.0,63186.0,14409.0,18013.0
ОКО (Оценка качества образования),Москва,"ОКО, ООО",Москва,"Торговля оптовая неспециализированная пищевыми продуктами, напитками и табачными изделиями",Малые предприятия,2017.0,46.39,46.0,obrazovanie,4.0,50418.0,44654.0,,3632.0,50378.0,43636.0,,5269.0,
Объект-Эксперт,Кострома,"ОБЪЕКТ-ЭКСПЕРТ, ООО",Костромская область,Производство электромонтажных работ,Малые предприятия,2017.0,43.21,43.0,stroitelstvo,34.0,1053059.0,1048116.0,182696.0,13293.0,681768.0,450759.0,1458.0,2179.0,104308.0
Олданс,Пермь,"ОЛДАНС, ЗАО",Пермский край,"Производство прочих изделий из пластмасс, не включенных в другие группировки, кроме устройств пломбировочных из пластика",Малые предприятия,2017.0,22.29.2,22.0,himicheskaya_promyshlennost,65.0,114870.0,93858.0,,,105332.0,63678.0,3441.0,16792.0,22629.0
Оллфолейблс Рус,Санкт-Петербург,"ОЛЛФОЛЕЙБЛС РУС, ООО",Санкт-Петербург,Прочие виды полиграфической деятельности,Малые предприятия,2013.0,18.12,18.0,poligraficheskaya_deyatelnost,91.0,657865.0,674026.0,85710.0,42130.0,521910.0,481190.0,17076.0,-25190.0,69400.0
Оргсинтез,Нижний Новгород,"ОРГСИНТЕЗ, ОАО",Нижегородская область,Аренда и управление собственным или арендованным нежилым недвижимым имуществом,Малые предприятия,2013.0,68.20.2,68.0,himicheskaya_promyshlennost,93.0,294108.0,324834.0,157247.0,259518.0,301921.0,229127.0,3315.0,-28311.0,48789.0
Орион Экспресс (Телекарта),Москва,"ОРИОН ЭКСПРЕСС, ООО",Москва,Деятельность в области телевизионного вещания,Средние предприятия,2013.0,60.2,60.0,telekommunikaciya,134.0,2995295.0,2814781.0,1133226.0,694013.0,2518749.0,1834222.0,312822.0,-80630.0,272163.0
Открытый код,Самара,"ОТКРЫТЫЙ КОД, ООО",Самарская область,Разработка компьютерного программного обеспечения,Малые предприятия,2017.0,62.01,62.0,informacionnye_tehnologii,95.0,304549.0,287261.0,,164512.0,263016.0,245627.0,,16516.0,97995.0
Офисная техника Джетком (Jetcom),Москва,"ОФИСНАЯ ТЕХНИКА ДЖЕТКОМ, ООО",Москва,Торговля оптовая прочей офисной техникой и оборудованием,Малые предприятия,2015.0,46.66,46.0,orgtehnika,81.0,342301.0,314886.0,,41604.0,356219.0,187830.0,125343.0,25857.0,65642.0
ПЛЦ АС,Москва,"ПЛЦ АС, ООО",Москва,Производство электрической распределительной и регулирующей аппаратуры,Малые предприятия,2014.0,27.12,27.0,mashinostroenie,24.0,297574.0,238588.0,,27362.0,277128.0,157682.0,12961.0,45296.0,27569.0
ПО Вектор,Красноярск,"ПО ВЕКТОР, ООО",Красноярский край,"Торговля оптовая автомобильными деталями, узлами и принадлежностями, кроме деятельности агентов",Малые предприятия,2014.0,45.31.1,45.0,torgovlya,97.0,681913.0,698526.0,33752.0,105612.0,681481.0,625650.0,18158.0,-8453.0,103518.0
ПОЭЗ Ульяновск (Портовая особая экономическая зона Ульяновск),Ульяновск,"ПОЭЗ УЛЬЯНОВСК, АО",Ульяновская область,"Деятельность в области архитектуры, связанная с созданием архитектурного объекта",Малые предприятия,2017.0,71.11.1,71.0,gosudarstvennye_struktury,40.0,213117.0,253178.0,,,135257.0,151586.0,,-30750.0,40746.0
Первое музыкальное издательство,Москва,"ПЕРВОЕ МУЗЫКАЛЬНОЕ ИЗДАТЕЛЬСТВО, ООО",Москва,Деятельность в области звукозаписи и издания музыкальных произведений,Средние предприятия,2015.0,59.2,59.0,industriya_razvlecheniy,56.0,1501723.0,1219520.0,,3759.0,961107.0,578848.0,10704.0,181585.0,100003.0
Перемена,Воронеж,"ПЕРЕМЕНА, ООО",Воронежская область,"Торговля оптовая компьютерами, периферийными устройствами к компьютерам и программным обеспечением",Малые предприятия,2013.0,46.51,46.0,informacionnye_tehnologii,41.0,578780.0,564639.0,2059.0,16322.0,461317.0,383036.0,27428.0,8228.0,
Пластик (тм РВК),Оренбург,"ПЛАСТИК, ООО",Оренбургская область,"Производство пластмассовых плит, полос, труб и профилей",Средние предприятия,2014.0,22.21,22.0,himicheskaya_promyshlennost,196.0,2009684.0,1968805.0,210722.0,264201.0,1347741.0,1058258.0,86339.0,51322.0,75448.0
"Племзавод Детскосельский, сельскохозяйственный концерн",Санкт-Петербург,"ПЛЕМЗАВОД ДЕТСКОСЕЛЬСКИЙ, СПК",Санкт-Петербург,"Разведение молочного крупного рогатого скота, производство сырого молока",Малые предприятия,2013.0,01.41,1.0,selskoe_hozyaystvo,,,,567479.0,235106.0,779039.0,610552.0,38618.0,164541.0,169573.0
Подшипник-Сервис ДВ,Владивосток,"ПОДШИПНИК-СЕРВИС ДВ, ООО",Приморский край,"Торговля оптовая прочими машинами, оборудованием и принадлежностями",Средние предприятия,2017.0,46.6,46.0,torgovlya,58.0,555048.0,458104.0,10645.0,47.0,549148.0,389206.0,60990.0,77353.0,
Практик-А,Пермь,"ПРАКТИК-А, ООО",Пермский край,Торговля розничная легковыми автомобилями и легкими автотранспортными средствами в специализированных магазинах,Средние предприятия,2014.0,45.11.2,45.0,torgovlya,79.0,1555338.0,1488447.0,75791.0,85029.0,1339176.0,1217600.0,47762.0,36910.0,56392.0
Премо Инк (Premo Ink),Москва,"ПРЕМО ИНК, ООО",Москва,Торговля оптовая лакокрасочными материалами,Средние предприятия,2013.0,46.73.4,46.0,himicheskaya_promyshlennost,58.0,2852299.0,2607709.0,278664.0,79132.0,2516434.0,1927062.0,172171.0,155798.0,111551.0
Производственная Группа (Костромакабель),Кострома,"ПРОИЗВОДСТВЕННАЯ ГРУППА, ООО",Костромская область,Производство волоконно-оптических кабелей,Средние предприятия,2018.0,27.31,27.0,stroitelstvo,126.0,721267.0,665551.0,49324.0,10169.0,683486.0,509392.0,49352.0,44778.0,72830.0
Пролог,Обнинск,"ПРОЛОГ, ООО",Калужская область,"Производство инструментов и приборов для измерения, тестирования и навигации",Средние предприятия,2017.0,26.51,26.0,mashinostroenie,133.0,1103295.0,894540.0,915.0,7172.0,1094437.0,712305.0,,74584.0,39007.0
Промсервис-Юг,Краснодар,"КОМПАНИЯ ПРОМСЕРВИС-ЮГ, ООО",Краснодарский край,Торговля оптовая прочими строительными материалами и изделиями,Малые предприятия,2018.0,46.73.6,46.0,torgovlya,9.0,276933.0,273214.0,9420.0,21833.0,274538.0,251989.0,16675.0,3286.0,1948.0
Пумори-северо-запад,Санкт-Петербург,"ПУМОРИ-СЕВЕРО- ЗАПАД, ООО",Санкт-Петербург,Торговля оптовая станками,Малые предприятия,2017.0,46.62,46.0,torgovlya,58.0,1038257.0,1013248.0,,221098.0,949605.0,692501.0,187600.0,17524.0,93106.0
РГ-Девелопмент,Москва,"РГ-ДЕВЕЛОПМЕНТ, ООО",Москва,"Деятельность заказчика-застройщика, генерального подрядчика",Средние предприятия,2014.0,71.12.2,71.0,stroitelstvo,213.0,7552130.0,4076657.0,3733382.0,679592.0,3501635.0,2591515.0,17431.0,2780472.0,723515.0
РДТЕХ,Москва,"РДТЕХ, АО",Москва,Разработка компьютерного программного обеспечения,Средние предприятия,2013.0,62.01,62.0,informacionnye_tehnologii,51.0,3102848.0,3040098.0,72093.0,47794.0,2256291.0,2111576.0,1654.0,34732.0,128242.0
РКС Девелопмент,Москва,"РКС ДЕВЕЛОПМЕНТ, ООО",Москва,Консультирование по вопросам коммерческой деятельности и управления,Малые предприятия,2014.0,70.22,70.0,nedvizhimost,20.0,450173.0,504680.0,906458.0,11809.0,116302.0,893.0,,-62806.0,51271.0
"РМ-Терекс (RM-Terex), Русские Машины",Москва,"РМ-ТЕРЕКС, ООО",Москва,Торговля оптовая машинами и оборудованием для добычи полезных ископаемых и строительства,Средние предприятия,2013.0,46.63,46.0,mashinostroenie,62.0,4240055.0,4233520.0,,439131.0,4443971.0,4098170.0,146321.0,21783.0,210706.0
РСГ-Бизнес Сервис (Кортос),Москва,"РСГ-БИЗНЕС СЕРВИС, ООО",Москва,Консультирование по вопросам коммерческой деятельности и управления,Средние предприятия,2015.0,70.22,70.0,stroitelstvo,169.0,1507238.0,1458408.0,856285.0,609706.0,1295989.0,372083.0,17375.0,38457.0,766729.0
Расчетные решения,Москва,"РАСЧЕТНЫЕ РЕШЕНИЯ, АО",Москва,"Деятельность по обработке данных, предоставление услуг по размещению информации и связанная с этим деятельность",Средние предприятия,2017.0,63.11,63.0,informacionnye_tehnologii,153.0,1763708.0,1461363.0,,,1287894.0,926261.0,75.0,266314.0,530690.0
Реавиз,Самара,"РЕАВИЗ, МЕДИЦИНСКИЙ УНИВЕРСИТЕТ",Самарская область,Образование высшее,Средние предприятия,2013.0,85.22,85.0,farmacevtika,,,,40077.0,21901.0,932124.0,447763.0,10360.0,37377.0,307036.0
Ред Софт (Red Soft),Москва,"РЕД СОФТ, ООО",Москва,Разработка компьютерного программного обеспечения,Средние предприятия,2017.0,62.01,62.0,informacionnye_tehnologii,138.0,503923.0,438215.0,150000.0,52211.0,486004.0,232765.0,17303.0,63999.0,271655.0
Ренессанс Актив,Владивосток,"РЕНЕССАНС АКТИВ, ООО",Приморский край,Строительство жилых и нежилых зданий,Малые предприятия,2017.0,41.2,41.0,stroitelstvo,38.0,1009434.0,520065.0,482105.0,87927.0,990788.0,415516.0,18032.0,494664.0,72022.0
Ренессанс Косметик,Барнаул,"РЕНЕССАНС КОСМЕТИК, ООО",Алтайский край,Производство парфюмерных и косметических средств,Средние предприятия,2013.0,20.42,20.0,himicheskaya_promyshlennost,243.0,1314509.0,1166626.0,158862.0,17175.0,1035780.0,674040.0,173639.0,77675.0,95991.0
Ренна-Холдинг (ТД Ренна),Москва,"РЕННА-ХОЛДИНГ, ЗАО",Москва,"Аренда интеллектуальной собственности и подобной продукции, кроме авторских прав",Малые предприятия,2017.0,77.4,77.0,pishhevaya_promyshlennost,86.0,619220.0,379929.0,2550.0,220000.0,509564.0,5555.0,219.0,204863.0,260213.0
Ритм 2000,Тверь,"РИТМ-2000, ООО",Тверская область,Аренда и управление собственным или арендованным нежилым недвижимым имуществом,Средние предприятия,2013.0,68.20.2,68.0,torgovlya,169.0,1124394.0,959940.0,2196224.0,71000.0,7961416.0,6680220.0,1730498.0,99594.0,279790.0
РусАгроСеть,Москва,"РУСАГРОСЕТЬ, ООО",Москва,"Торговля оптовая машинами, оборудованием и инструментами для сельского хозяйства",Средние предприятия,2015.0,46.61,46.0,torgovlya,46.0,1076315.0,1009800.0,,86457.0,1017672.0,773645.0,175055.0,43714.0,34228.0
Русбиофарм,Москва,"РУСБИОФАРМ, ООО",Москва,Торговля оптовая фармацевтической продукцией,Средние предприятия,2017.0,46.46,46.0,farmacevtika,53.0,1645524.0,1466605.0,66971.0,73728.0,1350337.0,1168694.0,71027.0,139115.0,107663.0
"Русское поле, Самара",Самара,"РУССКОЕ ПОЛЕ, ООО",Самарская область,"Выращивание зерновых (кроме риса), зернобобовых культур и семян масличных культур",Малые предприятия,2017.0,1.11,1.0,yurisprudenciya,16.0,146348.0,123587.0,21582.0,2680.0,137466.0,113904.0,,22055.0,
С-Терра СиЭсПи (S-Terra CSP),Москва,"С-ТЕРРА СИЭСПИ, ООО",Москва,Разработка компьютерного программного обеспечения,Средние предприятия,2017.0,62.01,62.0,informacionnye_tehnologii,108.0,1466706.0,1158959.0,,5365.0,1091083.0,306933.0,1508.0,283164.0,388139.0
СБСВ-Ключавто Восток,Краснодар,"СБСВ-КЛЮЧАВТО ВОСТОК, ООО",Краснодарский край,Торговля розничная легковыми автомобилями и легкими автотранспортными средствами в специализированных магазинах,Средние предприятия,2013.0,45.11.2,45.0,torgovlya,74.0,2241212.0,2125333.0,198758.0,83754.0,1815868.0,1707820.0,30387.0,71480.0,84042.0
Саатбау Рус (Saatbau),Краснодар,"СААТБАУ РУС, ООО",Краснодарский край,Предоставление услуг в области растениеводства,Средние предприятия,2018.0,01.61,1.0,selskoe_hozyaystvo,24.0,1060846.0,1018615.0,52005.0,14182.0,985499.0,733236.0,169697.0,28833.0,53347.0
Саенс сет продакшн,Санкт-Петербург,"САЕНС СЕТ ПРОДАКШН, ООО",Санкт-Петербург,"Производство прочих изделий, не включенных в другие группировки",Малые предприятия,2016.0,32.99.9,32.0,legkaya_promyshlennost,80.0,357742.0,353068.0,6354.0,30430.0,251710.0,191702.0,15642.0,1268.0,62711.0
Самара-Авто,Самара,"САМАРА-АВТО, ООО",Самарская область,Торговля розничная легковыми автомобилями и легкими автотранспортными средствами в специализированных магазинах,Средние предприятия,2013.0,45.11.2,45.0,torgovlya,97.0,2961918.0,2919522.0,67243.0,86331.0,2137296.0,1927800.0,99044.0,33808.0,43828.0
Самаратранснефть-Терминал,Самара,"САМАРАТРАНСНЕФТЬ-ТЕРМИНАЛ, ООО",Самарская область,Производство нефтепродуктов,Малые предприятия,2014.0,19.2,19.0,neftyanaya_promyshlennost,59.0,2716943.0,4654115.0,15768945.0,3326249.0,2736052.0,2372716.0,260524.0,-1265544.0,61633.0
Саузенд,Москва,"САУЗЕНД, ООО",Москва,Торговля оптовая неспециализированная,Малые предприятия,2017.0,46.9,46.0,torgovlya,21.0,194197.0,191582.0,5720.0,5755.0,193541.0,151050.0,38989.0,2002.0,13575.0
Связь Энерго (Москва),Москва,"СВЯЗЬ ЭНЕРГО, ООО",Москва,"Производство прочих металлических цистерн, резервуаров и емкостей",Средние предприятия,2017.0,25.29,25.0,metallurgicheskaya_promyshlennost,191.0,760745.0,639976.0,,,755189.0,497874.0,27482.0,95738.0,112272.0
"СевенПро, 7Pro (ранее - Регионком)",Москва,"СЕВЕНПРО, ООО",Москва,Деятельность консультативная и работы в области компьютерных технологий,Средние предприятия,2015.0,62.02,62.0,informacionnye_tehnologii,42.0,947277.0,936698.0,,,1451132.0,1266169.0,23152.0,13932.0,123659.0
Северсккабель,Северск,"СЕВЕРСККАБЕЛЬ, ООО",Томская область,Производство прочих проводов и кабелей для электронного и электрического оборудования,Малые предприятия,2015.0,27.32,27.0,stroitelstvo,25.0,373358.0,365186.0,21604.0,59634.0,278353.0,246816.0,9589.0,5967.0,2883.0
Серпуховской Двор,Москва,"СЕРПУХОВСКОЙ ДВОР, ООО",Москва,Аренда и управление собственным или арендованным недвижимым имуществом,Малые предприятия,2017.0,68.2,68.0,nedvizhimost,22.0,425595.0,341890.0,,38510.0,397397.0,158914.0,301.0,62114.0,49366.0
Си-Проджект,Санкт-Петербург,"СИ-ПРОДЖЕКТ, АО",Санкт-Петербург,"Торговля оптовая неспециализированная незамороженными пищевыми продуктами, напитками и табачными изделиями",Средние предприятия,2013.0,46.39.2,46.0,pishhevaya_promyshlennost,126.0,962240.0,955811.0,110620.0,35555.0,1037433.0,745721.0,228046.0,15707.0,84110.0
Сила воды,Москва,"СИЛА ВОДЫ, ООО",Москва,Торговля оптовая санитарно-техническим оборудованием,Средние предприятия,2016.0,46.73.3,46.0,torgovlya,76.0,882065.0,749555.0,17041.0,9.0,820771.0,484900.0,191448.0,93260.0,83321.0
Силтэк,Москва,"СИЛТЭК, ООО",Москва,Торговля оптовая неспециализированная,Средние предприятия,2017.0,46.9,46.0,elektrotehnika,74.0,952295.0,917555.0,,14000.0,935325.0,713409.0,183184.0,27060.0,98560.0
Симбио,Москва,"СИМБИО, ООО",Москва,Торговля оптовая прочими пищевыми продуктами,Малые предприятия,2013.0,46.38.2,46.0,torgovlya,14.0,352518.0,310492.0,15254.0,1435.0,263998.0,183429.0,13996.0,25584.0,20976.0
Симметрон ЭК (Симметрон Электронные Компоненты),Санкт-Петербург,"СИММЕТРОН ЭК, ООО",Санкт-Петербург,Торговля оптовая электронным и телекоммуникационным оборудованием и его запасными частями,Средние предприятия,2017.0,46.52,46.0,elektrotehnika,108.0,2040964.0,1759686.0,,,1867499.0,1540366.0,193291.0,252900.0,129036.0
Скайлаб,Самара,"СКАЙЛАБ, ООО",Самарская область,Деятельность в области медицины прочая,Малые предприятия,2017.0,86.9,86.0,farmacevtika,81.0,283020.0,269316.0,34357.0,14882.0,262646.0,252561.0,,13704.0,
"Скандика, Skandika (ранее Электроскандия)",Санкт-Петербург,"СКАНДИКА, ООО",Санкт-Петербург,"Торговля оптовая производственным электротехническим оборудованием, машинами, аппаратурой и материалами",Малые предприятия,2014.0,46.69.5,46.0,mashinostroenie,53.0,1203502.0,1173651.0,,30186.0,1065386.0,853096.0,183854.0,7342.0,97956.0
Сладомир логистик групп,Новосибирск,"СЛАДОМИР ЛОГИСТИК ГРУПП, ООО",Новосибирская область,Торговля оптовая шоколадом и сахаристыми кондитерскими изделиями,Малые предприятия,2013.0,46.36.2,46.0,pishhevaya_promyshlennost,59.0,745287.0,742367.0,208983.0,48402.0,824652.0,725093.0,79273.0,2814.0,12473.0
Смарт-Т,Москва,"СМАРТ-Т, ООО",Москва,"Торговля оптовая компьютерами, периферийными устройствами к компьютерам и программным обеспечением",Средние предприятия,2017.0,46.51,46.0,torgovlya,110.0,1428099.0,1354647.0,,42344.0,1352268.0,963546.0,303077.0,58319.0,183757.0
Солар (ранее Ростелеком-Солар),Москва,"СОЛАР, ООО",Москва,Аренда и управление собственным или арендованным недвижимым имуществом,Малые предприятия,2015.0,68.2,68.0,informacionnaya_bezopasnost,13.0,103835.0,112396.0,200944.0,23025.0,91318.0,54208.0,,-7150.0,3918.0
Солар Системс (Solar Systems),Москва,"СОЛАР СИСТЕМС, ООО",Москва,Деятельность головных офисов,Малые предприятия,2016.0,70.1,70.0,energetika,66.0,3084216.0,1691237.0,5047195.0,945599.0,638790.0,570612.0,,1159265.0,276066.0
Солитон,Самара,"СОЛИТОН, ООО ТТЦ",Самарская область,Торговля оптовая электрической бытовой техникой,Малые предприятия,2013.0,46.43.1,46.0,informacionnye_tehnologii,93.0,559983.0,557203.0,7904.0,17874.0,819381.0,731080.0,73032.0,2735.0,62438.0
Союзупак,Кемерово,"СОЮЗУПАК, ООО",Кемеровская область,Торговля оптовая прочими бытовыми товарами,Средние предприятия,2017.0,46.49,46.0,tovary_narodnogo_potrebleniya,84.0,676195.0,645400.0,1500.0,26281.0,642586.0,541496.0,73673.0,24395.0,42074.0
СпецТрансКонтейнер,Москва,"СПЕЦТРАНСКОНТЕЙНЕР, ООО",Москва,"Деятельность вспомогательная прочая, связанная с перевозками",Средние предприятия,2015.0,52.29,52.0,transport,14.0,1321698.0,1297734.0,357957.0,285481.0,1094380.0,988491.0,584.0,1186.0,39767.0
СпецЭнергоТрейд,Москва,"СПЕЦЭНЕРГОТРЕЙД, ООО",Москва,"Торговля оптовая прочими машинами, оборудованием и принадлежностями",Средние предприятия,2015.0,46.6,46.0,torgovlya,45.0,966955.0,875056.0,38811.0,41849.0,817248.0,571521.0,97912.0,62369.0,103290.0
СтоунХедж (Stone Hadge),Москва,"СТОУНХЕДЖ, АО",Москва,Разработка строительных проектов,Малые предприятия,2013.0,41.1,41.0,nedvizhimost,32.0,999353.0,887245.0,1229582.0,169535.0,146829.0,25509.0,,61627.0,35476.0
Студия эдсервис,Москва,"СТУДИЯ ЭДСЕРВИС, ООО",Москва,Деятельность рекламных агентств,Малые предприятия,2017.0,73.11,73.0,reklama,26.0,228394.0,212551.0,12094.0,6475.0,227088.0,169341.0,,12283.0,53724.0
ТИЦ ЖТ,Тихвин,"ТИЦ ЖТ, ООО",Ленинградская область,"Технические испытания, исследования, анализ и сертификация",Малые предприятия,2015.0,71.2,71.0,mashinostroenie,66.0,290628.0,313048.0,410158.0,65984.0,261693.0,209744.0,,-23070.0,78284.0
ТМД Фрикшн Евразия,Москва,"ТМД ФРИКШН ЕВРАЗИЯ, ООО",Москва,"Торговля оптовая автомобильными деталями, узлами и принадлежностями",Малые предприятия,2017.0,45.31,45.0,mashinostroenie,10.0,1178661.0,1168513.0,14997.0,,1131880.0,948893.0,109178.0,3856.0,33963.0
ТПИ ОмскГражданПроект,Омск,"ТПИ ОМСКГРАЖДАНПРОЕКТ, АО",Омская область,"Деятельность в области архитектуры, инженерных изысканий и предоставление технических консультаций в этих областях",Малые предприятия,2013.0,71.1,71.0,stroitelstvo,55.0,175876.0,132882.0,64203.0,36361.0,142602.0,112199.0,,4635.0,65594.0
ТС Интеграция (Banza),Москва,"ТС ИНТЕГРАЦИЯ, ООО",Москва,Разработка компьютерного программного обеспечения,Малые предприятия,2018.0,62.01,62.0,informacionnye_tehnologii,6.0,273759.0,268092.0,,,208288.0,184400.0,634.0,4310.0,5994.0
Таймед,Москва,"КОМПАНИЯ ТАЙМЕД, ООО",Москва,Торговля оптовая фармацевтической продукцией,Малые предприятия,2018.0,46.46,46.0,farmacevtika,15.0,275859.0,266622.0,11427.0,359.0,243092.0,216990.0,,6501.0,
Таможенная Карта,Москва,"ТАМОЖЕННАЯ КАРТА, ООО",Москва,"Разработка компьютерного программного обеспечения, консультационные услуги в данной области и другие сопутствующие услуги",Малые предприятия,2015.0,62,62.0,finansovye_uslugi,63.0,804252.0,1151922.0,1645120.0,694662.0,719815.0,217979.0,,-174505.0,215496.0
Телеком Биржа,Москва,"ТЕЛЕКОМ-БИРЖА, ООО",Москва,Деятельность в области связи на базе проводных технологий,Средние предприятия,2013.0,61.1,61.0,telekommunikaciya,56.0,1133895.0,904569.0,39709.0,44403.0,836307.0,477446.0,71596.0,143779.0,116908.0
Темп авто дон,Шахты,"ТЕМП АВТО ДОН, ООО",Ростовская область,Торговля розничная легковыми автомобилями и легкими автотранспортными средствами в специализированных магазинах,Малые предприятия,2016.0,45.11.2,45.0,transport,37.0,914134.0,868235.0,77005.0,45291.0,807168.0,714096.0,49998.0,33005.0,32279.0
Теплострой Новосибирск,Новосибирск,"ТЕПЛОСТРОЙ НОВОСИБИРСК, ООО",Новосибирская область,Производство прочих пластмассовых изделий,Малые предприятия,2017.0,22.29,22.0,torgovlya,18.0,104328.0,103322.0,11229.0,7516.0,101851.0,89614.0,5476.0,799.0,
Техна,Липецк,"ТЕХНА, ООО",Липецкая область,Производство прочих машин и оборудования для сельского и лесного хозяйства,Средние предприятия,2015.0,28.30.8,28.0,metallurgicheskaya_promyshlennost,214.0,2043199.0,1794599.0,489043.0,34651.0,1464155.0,960921.0,154623.0,223815.0,141508.0
Топливно-инвестиционная группа Ютэк,Москва,"ТОПЛИВНО-ИНВЕСТИЦИОННАЯ ГРУППА ЮТЭК, ООО",Москва,"Торговля оптовая твердым, жидким и газообразным топливом и подобными продуктами",Средние предприятия,2018.0,46.71,46.0,neftyanaya_promyshlennost,7.0,1065751.0,1063555.0,,16307.0,1063854.0,1034940.0,26477.0,1306.0,8982.0
Точка опоры Промэлектросвет,Москва,"ТОЧКА ОПОРЫ ПРОМЭЛЕКТРОСВЕТ, ЗАО",Москва,Торговля оптовая осветительным оборудованием,Средние предприятия,2013.0,46.47.2,46.0,elektrotehnika,131.0,1500941.0,1424519.0,194289.0,45258.0,1453261.0,1082183.0,194228.0,37915.0,153365.0
Трансвэй Северо-Запад,Санкт-Петербург,"ТРАНСВЭЙ СЕВЕРО-ЗАПАД, ООО",Санкт-Петербург,Аренда и управление собственным или арендованным нежилым недвижимым имуществом,Средние предприятия,2013.0,68.20.2,68.0,nedvizhimost,25.0,2074787.0,1478921.0,2195957.0,38583.0,1028835.0,311883.0,,322008.0,50509.0
Транспроект,Москва,"ТРАНСПРОЕКТ, ООО",Москва,"Деятельность в области архитектуры, инженерных изысканий и предоставление технических консультаций в этих областях",Средние предприятия,2013.0,71.1,71.0,transport,131.0,1472519.0,1399171.0,164500.0,131916.0,1146060.0,912316.0,,36262.0,217416.0
ТрастИнфо,Москва,"ТРАСТИНФО, ООО",Москва,Деятельность в области связи на базе проводных технологий прочая,Малые предприятия,2017.0,61.10.9,61.0,informacionnye_tehnologii,36.0,499804.0,334811.0,,,437432.0,292701.0,8328.0,130870.0,49009.0
ТрекМарк,Москва,"ТРЕКМАРК, ООО",Москва,Разработка компьютерного программного обеспечения,Малые предприятия,2018.0,62.01,62.0,informacionnye_tehnologii,64.0,391693.0,452906.0,73890.0,16920.0,377914.0,280372.0,32027.0,-55705.0,166914.0
Трикотаж трейд,Киров,"ТРИКОТАЖ ТРЕЙД, ООО",Кировская область,Торговля оптовая текстильными изделиями,Средние предприятия,2017.0,46.41,46.0,torgovlya,76.0,1202385.0,1172099.0,,30198.0,1154726.0,1086272.0,26933.0,24490.0,36366.0
Тринити Ивентс (Trinity Events),Москва,"ТРИНИТИ ИВЕНТС, НАО",Москва,Деятельность в области отдыха и развлечений,Малые предприятия,2015.0,93.2,93.0,reklama,58.0,233009.0,231364.0,,50963.0,183700.0,58399.0,10537.0,393.0,57728.0
Тулфор,Москва,"ТУЛФОР, ООО",Москва,Торговля оптовая ручными инструментами,Средние предприятия,2013.0,46.74.3,46.0,stroitelstvo,36.0,983497.0,795552.0,6546.0,49583.0,949356.0,531205.0,243019.0,135404.0,130577.0
УК Зеленая долина (Управляющая компания),Белгород,"УК ЗЕЛЕНАЯ ДОЛИНА, ООО",Белгородская область,Деятельность холдинговых компаний,Средние предприятия,2018.0,64.2,64.0,selskoe_hozyaystvo,168.0,1235671.0,1247024.0,1487000.0,635273.0,1141265.0,1014536.0,,-10385.0,196194.0
УМС Рус,Москва,"УМС РУС, ООО",Москва,"Торговля оптовая производственным электротехническим оборудованием, машинами, аппаратурой и материалами",Средние предприятия,2017.0,46.69.5,46.0,torgovlya,94.0,1614446.0,1538612.0,,,1492736.0,1048338.0,343230.0,53222.0,112894.0
УНГП,Оренбург,"УНГП, АО",Оренбургская область,Добыча нефти,Средние предприятия,2013.0,06.10.1,6.0,dobycha_poleznyh_iskopaemyh,118.0,1523500.0,1644266.0,,266850.0,1435955.0,1084287.0,49433.0,-25656.0,146683.0
Униматик (Unimatic),Екатеринбург,"УНИМАТИК, ООО",Свердловская область,Торговля оптовая металлообрабатывающими станками,Малые предприятия,2013.0,46.62.2,46.0,informacionnye_tehnologii,90.0,1812789.0,1768615.0,,85175.0,1553037.0,1306010.0,98314.0,53971.0,91518.0
Уралнатс,Екатеринбург,"УРАЛНАТС, ООО",Свердловская область,"Торговля оптовая прочими пищевыми продуктами, включая рыбу, ракообразных и моллюсков",Малые предприятия,2017.0,46.38,46.0,torgovlya,6.0,181087.0,180480.0,10323.0,13770.0,175453.0,154213.0,16911.0,400.0,
Уралпромлизинг,Челябинск,"УРАЛПРОМЛИЗИНГ, ООО",Челябинская область,Деятельность по финансовой аренде (лизингу/сублизингу),Малые предприятия,2013.0,64.91,64.0,finansovye_uslugi,50.0,1041946.0,992586.0,1225371.0,111359.0,877346.0,762546.0,,29553.0,60761.0
Уральский оливин,Екатеринбург,"УРАЛЬСКИЙ ОЛИВИН, ООО",Свердловская область,"Производство прочей неметаллической минеральной продукции, не включенной в другие группировки",Малые предприятия,2018.0,23.99,23.0,torgovlya,39.0,162472.0,144104.0,1081.0,313.0,157255.0,134128.0,,16106.0,7236.0
Фабрика Арт,Москва,"КОМПАНИЯ ФАБРИКА АРТ, ООО",Москва,"Деятельность вспомогательная, связанная с исполнительскими искусствами",Средние предприятия,2017.0,90.02,90.0,industriya_razvlecheniy,149.0,1078289.0,1017423.0,,23665.0,1061043.0,798183.0,,39629.0,110976.0
Фармтек,Москва,"ФАРМТЕК, ООО",Москва,Торговля оптовая прочими бытовыми товарами,Средние предприятия,2017.0,46.49,46.0,farmacevtika,122.0,1234349.0,928227.0,70114.0,55295.0,1189144.0,251745.0,579212.0,233888.0,262542.0
Фелицата Холдинг,Москва,"ФЕЛИЦАТА ХОЛДИНГ, ООО",Москва,Производство пищевых ферментов,Малые предприятия,2013.0,10.89.4,10.0,pishhevaya_promyshlennost,37.0,683368.0,660859.0,35135.0,5166.0,477985.0,395334.0,43679.0,11149.0,13700.0
Фидконсалт,Воронеж,"ФИДКОНСАЛТ, ООО",Воронежская область,"Торговля оптовая сельскохозяйственным сырьем, не включенным в другие группировки",Средние предприятия,2017.0,46.21.19,46.0,selskoe_hozyaystvo,27.0,1094357.0,997873.0,4230.0,10919.0,961830.0,615013.0,183574.0,80540.0,41608.0
Фирма Бим,Москва,"ФИРМА БИМ, ООО",Москва,"Торговля розничная преимущественно пищевыми продуктами, включая напитки, и табачными изделиями в неспециализированных магазинах",Малые предприятия,2018.0,47.11,47.0,torgovlya,77.0,400924.0,398122.0,5058.0,3746.0,397059.0,307682.0,83787.0,2298.0,
Франко,Москва,"ФРАНКО, ООО",Москва,"Торговля оптовая машинами и оборудованием для производства пищевых продуктов, напитков и табачных изделий",Средние предприятия,2014.0,46.69.4,46.0,torgovlya,70.0,1634936.0,1316999.0,,10000.0,1209265.0,806512.0,116260.0,212184.0,82218.0
Фронтмастер,Яхрома,"ФРОНТМАСТЕР, ООО",Московская область,Торговля оптовая прочими строительными материалами и изделиями,Малые предприятия,2015.0,46.73.6,46.0,torgovlya,58.0,552886.0,546784.0,48000.0,22147.0,546516.0,457212.0,65129.0,6384.0,17843.0
ХИТЭК-Груп,Москва,"ХИТЭК-ГРУП, ООО",Москва,Торговля оптовая неспециализированная,Средние предприятия,2013.0,46.9,46.0,torgovlya,238.0,1393740.0,1361764.0,95120.0,353019.0,1359355.0,898561.0,149458.0,20667.0,213405.0
ХЭН Челябинск (Хераеус Электро-Найт Челябинск),Челябинск,"ХЭН ЧЕЛЯБИНСК, ООО",Челябинская область,Производство приборов для контроля прочих физических величин,Средние предприятия,2017.0,26.51.5,26.0,torgovlya,112.0,1479734.0,1374759.0,,,1410313.0,1083503.0,153467.0,78101.0,96375.0
"Хендэ Центр Краснодар, дилерский центр Hyundai",Краснодар,"ХЕНДЭ ЦЕНТР КРАСНОДАР, ООО",Краснодарский край,Торговля розничная легковыми автомобилями и легкими автотранспортными средствами в специализированных магазинах,Средние предприятия,2013.0,45.11.2,45.0,torgovlya,73.0,2598889.0,2591802.0,11000.0,150734.0,2366678.0,2257097.0,63648.0,18513.0,66982.0
Холдинг Евро Дом,Санкт-Петербург,"ХОЛДИНГ ЕВРО ДОМ, ООО",Санкт-Петербург,"Работы строительные специализированные прочие, не включенные в другие группировки",Малые предприятия,2018.0,43.99,43.0,stroitelstvo,21.0,423802.0,419227.0,216641.0,40667.0,407293.0,329121.0,,2544.0,37953.0
Чарли,Ростов-на-Дону,"ЧАРЛИ, ООО",Ростовская область,Деятельность в области демонстрации кинофильмов,Малые предприятия,2014.0,59.14,59.0,industriya_razvlecheniy,64.0,225664.0,230973.0,172356.0,22782.0,193779.0,191655.0,4772.0,-1407.0,18386.0
ЧелИндЛизинг,Челябинск,"ЧЕЛИНДЛИЗИНГ, ООО",Челябинская область,Деятельность по финансовой аренде (лизингу/сублизингу),Средние предприятия,2014.0,64.91,64.0,transport,34.0,3100825.0,2676616.0,1246357.0,961154.0,2484112.0,2020076.0,,284929.0,43073.0
Черкесскстром,Черкесск,"ЧЕРКЕССКСТРОМ, ООО",Карачаево-Черкесская Республика,Производство товарного бетона,Средние предприятия,2017.0,23.63,23.0,stroitelstvo,198.0,905908.0,878798.0,307985.0,,883359.0,726567.0,51711.0,20638.0,65064.0
Чистая вода Сибири,Красноярск,"КОМПАНИЯ ЧИСТАЯ ВОДА СИБИРИ, ООО",Красноярский край,"Торговля оптовая соками, минеральной водой и прочими безалкогольными напитками",Малые предприятия,2014.0,46.34.1,46.0,torgovlya,33.0,117315.0,117005.0,,3208.0,92380.0,54361.0,41348.0,82.0,8083.0
Штибель Эльтрон (Stiebel Eltron),Москва,"ШТИБЕЛЬ ЭЛЬТРОН, ООО",Москва,Торговля оптовая электрической бытовой техникой,Малые предприятия,2013.0,46.43.1,46.0,mashinostroenie,23.0,221735.0,204678.0,33727.0,306.0,330996.0,219210.0,86096.0,12506.0,42777.0
ЭкзоАтлет (ExoAtlet),Москва,"ЭКЗОАТЛЕТ, ООО",Москва,Научные исследования и разработки в области естественных и технических наук прочие,Малые предприятия,2017.0,72.19,72.0,farmacevtika,21.0,137136.0,128472.0,33401.0,29611.0,95290.0,37850.0,,2132.0,31676.0
Экома,Уфа,"ЭКОМА, ООО",Башкортостан (Республика),"Торговля оптовая изделиями, применяемыми в медицинских целях",Малые предприятия,2017.0,46.46.2,46.0,farmacevtika,64.0,257985.0,275173.0,6724.0,1565.0,256042.0,272549.0,,-17193.0,
Экотек (Экологические технологии),Новокузнецк,"ЭКОТЕК, ООО",Кемеровская область,Сбор неопасных отходов,Средние предприятия,2017.0,38.11,38.0,zhkh,125.0,1198128.0,1265052.0,82317.0,44706.0,1167208.0,1075034.0,,-57809.0,104171.0
ЭкспоФорум (ЭФ-Интернэшнл),Санкт-Петербург,"ЭКСПОФОРУМ, АО",Санкт-Петербург,Аренда и управление собственным или арендованным нежилым недвижимым имуществом,Средние предприятия,2014.0,68.20.2,68.0,industriya_razvlecheniy,30.0,1122213.0,1062193.0,8875340.0,1408682.0,830819.0,603715.0,718.0,37018.0,55535.0
Элвест,Екатеринбург,"ЭЛВЕСТ, ООО",Свердловская область,Производство электромонтажных работ,Средние предприятия,2013.0,43.21,43.0,energetika,190.0,1529796.0,1487370.0,,119402.0,1224321.0,1077719.0,14818.0,38212.0,61149.0
Электронный паспорт (Ростех),Москва,"ЭЛЕКТРОННЫЙ ПАСПОРТ, АО",Москва,Деятельность по созданию и использованию баз данных и информационных ресурсов,Малые предприятия,2017.0,63.11.1,63.0,informacionnye_tehnologii,46.0,314940.0,219142.0,226219.0,94677.0,311186.0,167909.0,,76582.0,71178.0
Электросеть,Череповец,"ЭЛЕКТРОСЕТЬ, МУП",Вологодская область,Передача электроэнергии и технологическое присоединение к распределительным электросетям,Средние предприятия,2016.0,35.12,35.0,energetika,,,,218134.0,87461.0,1698732.0,1582988.0,,26422.0,151546.0
Элитан Трейд (Elitan Trade),Ижевск,"ЭЛИТАН ТРЕЙД, ООО",Удмуртская Республика,Торговля оптовая электронным оборудованием и его запасными частями,Средние предприятия,2016.0,46.52.2,46.0,torgovlya,107.0,1288700.0,1236395.0,,4758.0,1167738.0,926660.0,170544.0,37389.0,86658.0
ЭльГаз,Москва,"ЭЛЬГАЗ, ООО",Москва,"Производство инструментов и приборов для измерения, тестирования и навигации",Средние предприятия,2013.0,26.51,26.0,mashinostroenie,7.0,274399.0,114225.0,4301.0,31130.0,204510.0,66080.0,4959.0,81273.0,38696.0
ЭнергопромСервис (ЭНПРО),Москва,"ЭНЕРГОПРОМСЕРВИС, АО НПП",Москва,Деятельность консультативная и работы в области компьютерных технологий,Малые предприятия,2013.0,62.02,62.0,elektrotehnika,79.0,372996.0,353813.0,,5348.0,351100.0,264107.0,18676.0,31938.0,103487.0
Энергосбережение,Москва,"ЭНЕРГОСБЕРЕЖЕНИЕ, ООО",Москва,Разработка компьютерного программного обеспечения,Средние предприятия,2017.0,62.01,62.0,energetika,67.0,821433.0,629191.0,651690.0,72272.0,909968.0,519130.0,1383.0,183552.0,135309.0
Эхо+,Москва,"ЭХО, НПАО",Москва,Деятельность больничных организаций,Малые предприятия,2013.0,86.1,86.0,elektrotehnika,63.0,201023.0,188191.0,49562.0,12236.0,191154.0,109048.0,16544.0,10975.0,52202.0
Эч а эс (HRS),Москва,"ЭЧ А ЭС, ООО",Москва,Деятельность по сопровождению компьютерных систем,Средние предприятия,2017.0,62.03.13,62.0,informacionnye_tehnologii,148.0,937246.0,867566.0,87758.0,,897927.0,477418.0,71529.0,47621.0,510798.0
ЮМТ-Индастри,Московская область,"ЮМТ-ИНДАСТРИ, ООО",Московская область,Производство изделий из пластмасс,Средние предприятия,2014.0,22.2,22.0,himicheskaya_promyshlennost,87.0,733762.0,664516.0,46442.0,14258.0,591975.0,494254.0,38566.0,46838.0,83950.0
Юниверсал,Ижевск,"ЮНИВЕРСАЛ, ООО",Удмуртская Республика,Торговля оптовая парфюмерными и косметическими товарами,Средние предприятия,2016.0,46.45,46.0,torgovlya,29.0,969035.0,956967.0,,98575.0,997707.0,942775.0,55137.0,9578.0,6911.0
Юнис Импэкс,Москва,"ЮНИС ИМПЭКС, ООО",Москва,Производство товарного бетона,Средние предприятия,2013.0,23.63,23.0,stroitelstvo,74.0,2139018.0,2007554.0,67272.0,665.0,1845726.0,1307101.0,295466.0,83132.0,93475.0
Юнона Инвест ЛТД,Краснодар,"ЮНОНА ИНВЕСТ ЛТД, ООО",Краснодарский край,Прочие виды переработки и консервирования фруктов и овощей,Средние предприятия,2016.0,10.39,10.0,pishhevaya_promyshlennost,59.0,942885.0,886284.0,320233.0,59710.0,799454.0,676691.0,43083.0,45192.0,23435.0
Юридическая компания Легис (Ligis),Москва,"ЮРИДИЧЕСКАЯ КОМПАНИЯ ЛЕГИС, АО",Москва,Деятельность в области права и бухгалтерского учета,Малые предприятия,2017.0,69.0,69.0,yurisprudenciya,11.0,162584.0,44972.0,2566.0,29108.0,157116.0,,,110877.0,23476.0
Ямское Поле,Москва,"ЯМСКОЕ ПОЛЕ, ОАО",Москва,Аренда и управление собственным или арендованным недвижимым имуществом,Малые предприятия,2013.0,68.2,68.0,stroitelstvo,48.0,564452.0,357455.0,204562.0,4577.0,493707.0,181470.0,1308.0,145257.0,61642.0
